îNåéì˙,ç≈çÇãCâ∑(Åé),ç≈í·ãCâ∑(Åé),ç~êÖó ÇÃçáåv(mm),ïΩãœâ_ó (10ï™î‰)
2015/1/1,8.2,0.7,0,3.8
2015/1/2,7.9,-2.2,0,5
2015/1/3,8.9,-1.1,0,0
2015/1/4,9.3,-0.4,0,5.3
2015/1/5,12.9,1.3,0,2.5
2015/1/6,16,5.8,6.5,8
2015/1/7,10.2,3,0,4.8
2015/1/8,11.2,2,0,0
2015/1/9,11,3.5,0,0
2015/1/10,11.2,1.9,0,0
2015/1/11,10.8,0.2,0,0.8
2015/1/12,9,2,0,0
2015/1/13,11.8,2.5,0,0.5
2015/1/14,11.5,1.2,0,5
2015/1/15,8.2,3.4,35.5,10
2015/1/16,13.2,4.9,0,6.8
2015/1/17,11.6,1.3,0,2.8
2015/1/18,10.9,-0.5,0,1.5
2015/1/19,11.7,-0.7,0,1.8
2015/1/20,11.2,2.7,0,0
2015/1/21,3.8,1.5,4,10
2015/1/22,5.6,3.2,7.5,10
2015/1/23,12.8,3.7,7.5,5
2015/1/24,8.1,2.9,0,5
2015/1/25,12.2,0.9,0,5
2015/1/26,12.9,5.6,0.5,10
2015/1/27,16.4,5.8,14.5,9.8
2015/1/28,9.7,1.4,0,7
2015/1/29,8.2,-0.9,0,5
2015/1/30,4.7,0.4,16.5,10
2015/1/31,10.5,0.8,0,0.8
2015/2/1,8.6,0.7,0,0
2015/2/2,9.6,1,0,1.3
2015/2/3,10.3,0.4,0,2.3
2015/2/4,9.6,1.1,0,8.3
2015/2/5,5.1,1.1,9,10
2015/2/6,12,-0.3,0,0.3
2015/2/7,9.6,1.2,1.5,7.5
2015/2/8,6.8,2,6,5
2015/2/9,4.9,-0.6,0,7.3
2015/2/10,8.1,-2.4,0,0
2015/2/11,10.9,0.2,0,3
2015/2/12,13,1.2,0,2.5
2015/2/13,12.3,1.1,0,5.8
2015/2/14,10.6,-1.4,0,0.3
2015/2/15,11.7,0.3,0,0
2015/2/16,13.2,1.5,0,6.8
2015/2/17,5.4,1.3,3,10
2015/2/18,4.3,2.5,10.5,10
2015/2/19,13,0.9,0,4.8
2015/2/20,11.9,2.5,0,2
2015/2/21,10.5,2,0,4.5
2015/2/22,8,4.4,1.5,10
2015/2/23,19.2,6.3,16,9.8
2015/2/24,12.7,7.2,0,10
2015/2/25,13.2,7.5,0,10
2015/2/26,7.9,5,14.5,10
2015/2/27,15.3,3.8,0,3.8
2015/2/28,12.8,3,0,5.5
2015/3/1,9.8,5.4,29,10
2015/3/2,14.1,5.1,0,0
2015/3/3,7.7,3.6,0.5,10
2015/3/4,17.5,3.2,18.5,9.3
2015/3/5,14.3,5.4,0,7
2015/3/6,12,4.9,0,10
2015/3/7,8.2,3.9,4.5,10
2015/3/8,10.9,5.9,0.5,10
2015/3/9,9.9,8.4,23,10
2015/3/10,13.7,1.7,2.5,8
2015/3/11,12.2,-0.4,0,1
2015/3/12,14.8,3.6,0,3.5
2015/3/13,14.4,1.8,0,0.8
2015/3/14,13.5,4.7,0,6.3
2015/3/15,13,4.9,0,9
2015/3/16,16,7.3,10,10
2015/3/17,21.2,9.2,0.5,3.3
2015/3/18,21.7,10.7,0,9.3
2015/3/19,15.9,10.3,5,10
2015/3/20,14.9,9.9,0,9
2015/3/21,16,7.2,0,9.8
2015/3/22,18.7,6.6,0,5
2015/3/23,17,4.7,0,6
2015/3/24,15.1,3.9,0,1.3
2015/3/25,14.3,2.7,0,0
2015/3/26,15.8,4.9,0,0
2015/3/27,20.4,4,0,0
2015/3/28,20.6,7.6,0,4.5
2015/3/29,21.1,9,0,7
2015/3/30,23.6,9.4,0,0.3
2015/3/31,23.2,9.8,0,2
2015/4/1,18.7,8.8,1.5,9.5
2015/4/2,17.4,6.5,0,6
2015/4/3,20.6,12.1,0,9.3
2015/4/4,19.1,10,0,10
2015/4/5,11.4,8.6,8,10
2015/4/6,22.9,11.2,0,8.3
2015/4/7,13,6.9,4.5,10
2015/4/8,7.6,2.4,20,10
2015/4/9,13.2,3.2,0,8
2015/4/10,12.1,5.3,9.5,10
2015/4/11,16.2,8.4,7.5,10
2015/4/12,18,8.4,0,7
2015/4/13,11.3,8.5,36.5,10
2015/4/14,14.1,9.3,22.5,10
2015/4/15,21.4,10.5,2,6.5
2015/4/16,21.5,8.8,0,5.3
2015/4/17,24.9,9.3,3.5,7.3
2015/4/18,19.7,6.8,0,6.3
2015/4/19,17.2,10.4,0,9.5
2015/4/20,20.7,13.6,10.5,10
2015/4/21,20.5,13.9,0.5,10
2015/4/22,21.4,11.2,2.5,9.5
2015/4/23,24.8,11.9,0,5.3
2015/4/24,23.9,14,0,10
2015/4/25,22.9,12.6,0,6.5
2015/4/26,23.8,12.4,0,3
2015/4/27,25,13.3,0,0
2015/4/28,27.2,14.6,0,5.5
2015/4/29,24.3,15,0,7.8
2015/4/30,24,14.7,0,5
2015/5/1,27.5,14.5,0,0.3
2015/5/2,27.6,15.2,0,1
2015/5/3,27,17.2,0,9.8
2015/5/4,26.6,18.5,0,8
2015/5/5,22.4,13.1,0,5.3
2015/5/6,24.7,11.6,0,6.5
2015/5/7,24.7,15.7,0,6.8
2015/5/8,26.8,15.8,0,4.8
2015/5/9,21.3,16.3,0,10
2015/5/10,27,13.8,0,5.8
2015/5/11,23.5,12.1,0,6.5
2015/5/12,22.7,15.9,58.5,10
2015/5/13,28.4,17.4,0,2.3
2015/5/14,28.6,16.9,0,6.3
2015/5/15,27.8,18.9,0,6
2015/5/16,23.7,19.5,3.5,10
2015/5/17,27.8,18.9,0,10
2015/5/18,26.2,17.5,3.5,10
2015/5/19,24.2,16.6,4.5,10
2015/5/20,27.3,18.3,0.5,9
2015/5/21,25.7,13.4,8.5,3.5
2015/5/22,26,15,0,6.3
2015/5/23,27.1,16.1,0,9.5
2015/5/24,26,17.3,0,10
2015/5/25,26.1,16.6,0,9.3
2015/5/26,30.9,16.9,0,1
2015/5/27,30.2,18.7,0,2.5
2015/5/28,26.8,18.4,0,10
2015/5/29,22.8,18.3,9,10
2015/5/30,29.6,18.4,0,7.8
2015/5/31,32.2,20.6,0,6.5
2015/6/1,27.7,20.8,0,8
2015/6/2,28.7,19.7,0,7.8
2015/6/3,22.9,20.1,16,10
2015/6/4,29.1,18.6,0,4.3
2015/6/5,22.5,14.2,27,10
2015/6/6,24.6,13.4,23.5,10
2015/6/7,25.5,16.1,0,7.5
2015/6/8,25.3,17.2,0.5,9.3
2015/6/9,21.9,17.3,33,10
2015/6/10,27.8,17.5,0,9.5
2015/6/11,27.5,18.9,0,10
2015/6/12,25,18.9,4.5,10
2015/6/13,29,20.8,0,9.8
2015/6/14,26.8,20.5,1.5,10
2015/6/15,30.8,19.5,0,9.8
2015/6/16,27.2,20,31,9.8
2015/6/17,24.8,19.8,11,9.5
2015/6/18,26.1,19.8,0,10
2015/6/19,20.8,17.6,10.5,10
2015/6/20,26.9,17.2,0,10
2015/6/21,22.8,18.2,0.5,8
2015/6/22,26.8,18.5,0,9.8
2015/6/23,28.8,18.4,20,9
2015/6/24,29.9,18,0,2.8
2015/6/25,28.7,20.6,0,6.3
2015/6/26,25.6,20.6,13,9.5
2015/6/27,25.5,20.6,3,10
2015/6/28,31.4,18.4,0,8.5
2015/6/29,26.3,18,0,8.8
2015/6/30,26.7,19.8,0.5,10
2015/7/1,22.4,19.2,13.5,10
2015/7/2,25,20.1,2.5,9.8
2015/7/3,23.4,20.8,67.5,10
2015/7/4,25.9,20.8,4,10
2015/7/5,21.9,19.1,20,10
2015/7/6,21.1,18.9,14.5,10
2015/7/7,24.3,18.7,0,10
2015/7/8,26.6,19.2,11,10
2015/7/9,20.4,18.6,11,10
2015/7/10,28.9,17.6,0.5,5.8
2015/7/11,31.3,21.1,0,2
2015/7/12,32,22.4,0,5.8
2015/7/13,34.2,24.1,0,9.5
2015/7/14,34.3,26.7,0,1.8
2015/7/15,33.2,24.2,0,5.5
2015/7/16,28.9,23.6,63.5,10
2015/7/17,30.4,22.8,14.5,10
2015/7/18,29.9,25.6,0.5,9.3
2015/7/19,34.8,25,0,6.5
2015/7/20,33.5,25.8,0,8
2015/7/21,34.9,25.4,0,1.5
2015/7/22,32.8,25.4,0,1.8
2015/7/23,30.4,24.7,4.5,9.5
2015/7/24,33.9,25,7,9
2015/7/25,33.1,24.7,0,7
2015/7/26,35.8,26,0,5
2015/7/27,35,25.6,0,2.5
2015/7/28,34.1,27.1,0,9
2015/7/29,32.5,27.1,0,10
2015/7/30,34.3,26.5,0,10
2015/7/31,35,25.9,0,3
2015/8/1,35.3,26.6,0,3
2015/8/2,35.1,26.3,0,3.5
2015/8/3,35,26.1,0,2
2015/8/4,35.1,26.5,0,2.3
2015/8/5,35.2,25.7,0,0.3
2015/8/6,35.9,26.8,0,2
2015/8/7,37.7,26.8,0,6
2015/8/8,32.6,24.9,0,9.3
2015/8/9,33.4,24.7,0,7.8
2015/8/10,31.9,25.5,1,8.5
2015/8/11,35.5,25.3,0,7.5
2015/8/12,33.7,26.3,0,10
2015/8/13,30.5,25.3,1,9
2015/8/14,31.8,24,2,9.8
2015/8/15,33.1,24.1,0,5.3
2015/8/16,31.9,24.6,8,8.3
2015/8/17,28,23.6,33.5,9.3
2015/8/18,31.9,26,0,9.5
2015/8/19,31.4,25.7,0,10
2015/8/20,27,24,8,10
2015/8/21,29.4,24.5,2.5,10
2015/8/22,32.7,24.7,0,7.3
2015/8/23,31.4,24,0,7.8
2015/8/24,29.3,21.6,0,9.8
2015/8/25,22.9,18.2,0.5,10
2015/8/26,21.3,17.9,35.5,10
2015/8/27,27.3,20.2,0,10
2015/8/28,22.9,19.9,3,10
2015/8/29,21,19.1,2.5,10
2015/8/30,22.5,20.3,3.5,10
2015/8/31,24.1,20.6,2.5,10
2015/9/1,26.5,21.4,12,10
2015/9/2,31.5,24.5,5.5,7.8
2015/9/3,30.4,22.9,1.5,9.8
2015/9/4,30.1,22.3,14,7.3
2015/9/5,29.3,22.9,0,10
2015/9/6,27.5,22.4,46.5,10
2015/9/7,26.1,20.7,19,10
2015/9/8,21,18.8,65.5,10
2015/9/9,25.3,18.7,156.5,10
2015/9/10,23.5,19.8,50,10
2015/9/11,29.3,19.7,0,3.8
2015/9/12,29.5,20.5,0,2.8
2015/9/13,27.5,21.7,0,6.3
2015/9/14,27.3,20.5,0,8.5
2015/9/15,27.5,18.8,0,9.5
2015/9/16,25.2,17.8,4,10
2015/9/17,18.9,16.1,74.5,10
2015/9/18,23.9,18,5.5,10
2015/9/19,29.3,20.4,0,8.5
2015/9/20,28.4,19.8,0,6.5
2015/9/21,27.5,19.5,0,7.3
2015/9/22,28.5,19.6,0,7.3
2015/9/23,27.2,18.9,0,6.8
2015/9/24,23,18.2,1,8
2015/9/25,19.5,16.1,43,10
2015/9/26,24.6,17.5,5,10
2015/9/27,24.5,19.8,0,9.8
2015/9/28,27.8,19.3,0,6
2015/9/29,26.6,19.6,0,9.3
2015/9/30,25.8,17.3,0,4.5
2015/10/1,23.4,14.8,7.5,10
2015/10/2,28.1,18.7,22,7.5
2015/10/3,26.7,18.3,0,5.8
2015/10/4,27.1,17.1,0,7.5
2015/10/5,20.1,16.4,0,10
2015/10/6,22.4,13.9,0,5.8
2015/10/7,22.4,13.8,0,1.5
2015/10/8,24.6,12.1,0,0
2015/10/9,25.5,15.3,0,2.8
2015/10/10,20.4,14.6,0,8
2015/10/11,21,16.4,15,10
2015/10/12,23.1,15.4,0,4
2015/10/13,24.2,14.2,0,3
2015/10/14,23.2,14.9,0,7.3
2015/10/15,23.1,13.7,0.5,6
2015/10/16,17.6,14.9,7,10
2015/10/17,20.3,15.7,5,10
2015/10/18,23.9,15.8,0,5.8
2015/10/19,24.3,14.6,0,0
2015/10/20,23.9,15.5,0,10
2015/10/21,20.8,15.3,0,10
2015/10/22,23.2,13.5,0,4.8
2015/10/23,21.3,15.7,0,10
2015/10/24,23.9,15.2,0,4
2015/10/25,19.9,13.1,0,0
2015/10/26,20.4,11.7,0,1.8
2015/10/27,24.9,10.3,0,5.5
2015/10/28,26.1,16.1,0,5.8
2015/10/29,19.1,15.4,0,8.3
2015/10/30,21.6,14,0,8.5
2015/10/31,16.6,11.8,0,9.3
2015/11/1,17.4,9.5,0,6
2015/11/2,15.3,9.6,38,10
2015/11/3,21.3,12.3,0,4
2015/11/4,20.1,9.6,0,0
2015/11/5,21.1,10.3,0,3.8
2015/11/6,22.2,10.5,0,0
2015/11/7,20.9,13,0,7.8
2015/11/8,17.9,14.2,14,10
2015/11/9,22.9,14.9,1,10
2015/11/10,18.2,13.8,7.5,10
2015/11/11,18.4,12.5,0,9.3
2015/11/12,17.1,12,0,10
2015/11/13,16.8,10,0,8.3
2015/11/14,14,12.2,17.5,10
2015/11/15,20,13.6,8.5,7
2015/11/16,21.2,12.2,0,5.3
2015/11/17,23.7,15.6,3,9.5
2015/11/18,20.8,14.4,13,10
2015/11/19,18.6,12,7,8.8
2015/11/20,15,11.4,0,8.8
2015/11/21,20.8,10.1,0,5.8
2015/11/22,15.2,11.7,0,10
2015/11/23,13.2,11,0.5,10
2015/11/24,18.7,11.4,2,5.3
2015/11/25,12,5.5,7,10
2015/11/26,11.5,5.4,20.5,10
2015/11/27,14.7,6.2,0,0.3
2015/11/28,15.7,3.9,0,0
2015/11/29,14.5,6.1,0,7.8
2015/11/30,14.3,6.5,0,6.5
2015/12/1,16.2,5.6,0,2.3
2015/12/2,11.3,8,1,8
2015/12/3,13.5,8.5,1.5,9
2015/12/4,14.2,5.4,0,0.3
2015/12/5,16.1,4.4,0,1
2015/12/6,13.1,6.8,0,9.3
2015/12/7,12.6,5.7,0,7.5
2015/12/8,11.3,5.7,0,5.3
2015/12/9,12.7,2.8,0,2.5
2015/12/10,12.8,4.7,5.5,6.8
2015/12/11,24.1,6.9,64,7.3
2015/12/12,15.6,10.1,0,8.3
2015/12/13,11,9.5,1.5,10
2015/12/14,13.9,10.2,0,10
2015/12/15,14.9,9.6,0,9.8
2015/12/16,17.4,8,0,2.5
2015/12/17,13.4,6.2,0,9.8
2015/12/18,11.8,3.2,0,2
2015/12/19,12.1,3.1,0,0
2015/12/20,11.1,2.1,0,2.5
2015/12/21,13.3,5.6,0,7
2015/12/22,15.9,7.3,0,2.3
2015/12/23,8.6,5.5,4,9.5
2015/12/24,15.4,5.5,5,10
2015/12/25,15,7.6,0,7.8
2015/12/26,12.5,5.8,0,3.3
2015/12/27,10.5,3.7,0,4.8
2015/12/28,10.6,2.6,0,4
2015/12/29,11.5,1.9,0,0
2015/12/30,11,4,0,6.3
2015/12/31,11,3.2,0,6
2016/1/1,12.1,3.6,0,2.5
2016/1/2,13.4,2.6,0,4.3
2016/1/3,16.2,3,0,5.3
2016/1/4,15.2,4.4,0,0
2016/1/5,15.4,5.1,0,2.8
2016/1/6,11.3,7.1,0,10
2016/1/7,12.9,4.5,0,6.8
2016/1/8,10.9,3.1,0,3
2016/1/9,11.6,2.8,0,1.8
2016/1/10,12.9,2.4,0,1.8
2016/1/11,10.5,3.8,0,8.5
2016/1/12,6.1,0.9,0,7.5
2016/1/13,9.7,-0.9,0,2.5
2016/1/14,11.4,0.2,0,0.5
2016/1/15,10.9,2,0,6
2016/1/16,11.8,1.8,0,2.3
2016/1/17,8.6,2.3,3,8
2016/1/18,6.2,0.2,67,7.5
2016/1/19,8.6,0.9,0,1.5
2016/1/20,9.1,-0.7,0,1.8
2016/1/21,9.5,1,0,5.3
2016/1/22,10.3,3,0,5.5
2016/1/23,6.4,2.6,0,10
2016/1/24,9.2,-1.2,0,2.5
2016/1/25,8.4,-2.6,0,0
2016/1/26,9.6,-1.3,0,0
2016/1/27,13.4,-1.1,0,0.8
2016/1/28,14,2.1,0,0
2016/1/29,7.8,2.6,9.5,10
2016/1/30,5,1.5,5.5,10
2016/1/31,11.2,1.3,0,6.5
2016/2/1,6.7,2.6,0,10
2016/2/2,10.7,2.6,0,6.3
2016/2/3,9.2,1.5,0,5.5
2016/2/4,9.5,1.1,0,5.8
2016/2/5,13.3,0.6,0,5.3
2016/2/6,9.9,4.4,0,10
2016/2/7,9.4,1.5,0,5.3
2016/2/8,9.3,1.3,0,3.3
2016/2/9,14.7,0.6,0,2
2016/2/10,10.8,1.6,0,0
2016/2/11,11.5,1.7,0,0
2016/2/12,11.9,1.5,0,7.5
2016/2/13,21.8,8.3,0,9.8
2016/2/14,23,15.1,12.5,7.8
2016/2/15,15.5,3.2,0.5,10
2016/2/16,10,1.2,0,2.8
2016/2/17,13.4,1.3,0,0.8
2016/2/18,10.7,1.1,0,4.8
2016/2/19,16.5,2.4,0,1.3
2016/2/20,11.2,6.5,40.5,10
2016/2/21,15.7,6.2,0,8.3
2016/2/22,9.8,4.9,1.5,10
2016/2/23,10,4.9,0,7.5
2016/2/24,7.7,2.5,0.5,10
2016/2/25,8.4,0.4,0.5,9.5
2016/2/26,11.4,0.1,0,0.8
2016/2/27,12.5,2.7,0,1.3
2016/2/28,15,3.7,0.5,2.8
2016/2/29,14.8,4.8,0.5,9
2016/3/1,10.3,2.1,0,4
2016/3/2,12.4,1.1,0,1.5
2016/3/3,16.4,2.3,0,0
2016/3/4,15.9,5.6,0,4.3
2016/3/5,16.3,7.7,0,9.3
2016/3/6,17.3,9,2,7.8
2016/3/7,15.5,12.8,31.5,10
2016/3/8,20.8,12.7,0,6.3
2016/3/9,14.9,3.8,21.5,10
2016/3/10,8.5,3.6,0,10
2016/3/11,6.1,3,0,10
2016/3/12,8.4,2.9,0,9
2016/3/13,9.2,3.9,0,8.8
2016/3/14,6.9,3.9,37,10
2016/3/15,14.1,4,0.5,2.8
2016/3/16,13.9,2.9,0,8.8
2016/3/17,20.4,6.4,0,2.8
2016/3/18,21.4,7.6,2,7.5
2016/3/19,16.7,13.6,7.5,10
2016/3/20,19,8.3,0.5,9.5
2016/3/21,13.8,6.9,0,5.5
2016/3/22,17.5,5.4,0,3.5
2016/3/23,18,7.5,0,5.8
2016/3/24,9.5,4.1,0.5,10
2016/3/25,14.4,2.5,0,4
2016/3/26,12.5,5.1,0,6.3
2016/3/27,16.1,6,0,8.5
2016/3/28,16.8,9,0,10
2016/3/29,18.6,7.4,0,5
2016/3/30,20,9.4,0,10
2016/3/31,20.2,8.9,0,5.8
2016/4/1,18.4,8.1,2.5,8.3
2016/4/2,13.3,7.7,1.5,10
2016/4/3,17,9.5,4,10
2016/4/4,21.9,9.7,8,10
2016/4/5,12.8,9.1,1.5,10
2016/4/6,20.2,7.3,0,7.5
2016/4/7,20.1,11.8,33,10
2016/4/8,22.9,11.5,0,8.3
2016/4/9,23.5,10.9,0,10
2016/4/10,23.9,12.2,0,10
2016/4/11,17.1,7.4,0,9
2016/4/12,15.1,5.1,0,4.5
2016/4/13,19,10.6,1.5,10
2016/4/14,17.6,13.1,20,10
2016/4/15,21.4,11,0,2.5
2016/4/16,20.9,10.1,0,8.3
2016/4/17,23.1,16.6,6,7.8
2016/4/18,26.8,13.8,0.5,8.8
2016/4/19,21.9,12,0,4.3
2016/4/20,19.3,9.8,0,4.8
2016/4/21,20.2,13.3,6,10
2016/4/22,23.7,13.2,0,9.5
2016/4/23,22.4,14,0,10
2016/4/24,19.1,12.1,13.5,10
2016/4/25,23.1,13.5,0,10
2016/4/26,25.1,14.2,0,7.5
2016/4/27,21.8,15.2,0,10
2016/4/28,15.4,13.3,22,10
2016/4/29,21.4,11.4,0,4.5
2016/4/30,21.7,10.5,0,1.3
2016/5/1,25,11.9,0,6.3
2016/5/2,21.4,13.2,0,10
2016/5/3,24.7,17.1,0,9.8
2016/5/4,27,18.7,13.5,3.8
2016/5/5,27.4,17.1,0,2.5
2016/5/6,22.5,15.2,2.5,10
2016/5/7,26.4,15.4,0,7.3
2016/5/8,27,17.2,0,7.5
2016/5/9,21.8,16.2,19,10
2016/5/10,22.6,16.1,6,10
2016/5/11,27.1,16,5.5,10
2016/5/12,28,17.5,0,2.5
2016/5/13,26.5,16.5,0,5.5
2016/5/14,24.8,14.4,0,8.8
2016/5/15,23.7,12.5,0,8.8
2016/5/16,23.3,14.2,0,9
2016/5/17,20.5,14.9,31.5,10
2016/5/18,27.6,13.1,0,1.3
2016/5/19,25.1,14.8,0,5
2016/5/20,20.8,14.4,0,10
2016/5/21,26.3,12.8,0,2.8
2016/5/22,29.3,16.9,0,2.5
2016/5/23,30.9,15.1,0,4
2016/5/24,29.3,18,0,9.5
2016/5/25,24.5,20.5,0,10
2016/5/26,27.2,20.3,0,6.8
2016/5/27,22.4,15.2,36.5,9.5
2016/5/28,24.1,15.1,0,7.5
2016/5/29,27.9,16.1,0,6.3
2016/5/30,21.3,15.4,23,10
2016/5/31,24.9,16.3,0,10
2016/6/1,26.4,18,0,10
2016/6/2,26,16.3,0,0.3
2016/6/3,24.2,14.2,0,2
2016/6/4,27.2,16.3,0,10
2016/6/5,23.4,16.4,3,7
2016/6/6,23.9,16.3,0,10
2016/6/7,20.9,18.4,0.5,10
2016/6/8,27.3,16.5,0,10
2016/6/9,23.7,19.6,6.5,10
2016/6/10,28.8,19.4,0,4.5
2016/6/11,29.1,17.9,0,5.3
2016/6/12,28.3,20.4,0,10
2016/6/13,22.7,18.3,98.5,10
2016/6/14,26.2,18.4,0,9.3
2016/6/15,22.2,19.6,0,10
2016/6/16,24.4,19.7,7.5,10
2016/6/17,29.2,19.4,2.5,6.3
2016/6/18,33,21.1,0,3.3
2016/6/19,29.3,21.4,5,10
2016/6/20,28.8,20.4,4,10
2016/6/21,25.7,21.2,10,9
2016/6/22,23.9,21.1,0.5,10
2016/6/23,26.9,21.4,9.5,8.8
2016/6/24,25.3,20.9,1.5,10
2016/6/25,28.7,21.9,1,10
2016/6/26,30,21.5,0,8
2016/6/27,28.9,20.9,0,5
2016/6/28,22.8,17.1,23,10
2016/6/29,24.2,19.1,0.5,10
2016/6/30,27.1,20.1,1,10
2016/7/1,30.6,22,0,10
2016/7/2,31.8,23.4,0,9.5
2016/7/3,35.4,24.6,0,9
2016/7/4,33.8,23.6,1.5,3.3
2016/7/5,25.6,20.2,0,10
2016/7/6,26.9,20.5,0,7.5
2016/7/7,36.7,21.9,0,4.8
2016/7/8,29.8,22.1,0,10
2016/7/9,24.9,20.3,12.5,10
2016/7/10,31.3,20.2,0,7
2016/7/11,33.5,22.3,0,3.5
2016/7/12,31.8,24.6,0,7.8
2016/7/13,27.6,23.5,2,10
2016/7/14,32.9,21.3,21,9.5
2016/7/15,24,21,5.5,10
2016/7/16,27.7,20.1,0,10
2016/7/17,28.8,23.6,0,10
2016/7/18,33.5,25,0,8.3
2016/7/19,32.3,23.7,5,6.8
2016/7/20,29.9,23.3,1,8.5
2016/7/21,24.3,20.9,28.5,10
2016/7/22,22.7,20.4,3.5,10
2016/7/23,27.1,19.8,0,10
2016/7/24,29,19,0,8.5
2016/7/25,27.9,21.1,0,9.5
2016/7/26,27.4,21.4,1,10
2016/7/27,27.3,22.4,0,10
2016/7/28,31.1,23.3,0,9.3
2016/7/29,32.4,22.9,0,3
2016/7/30,32.9,22.1,0,1.3
2016/7/31,30.8,24.4,0,6.5
2016/8/1,31.5,24.6,2,9.5
2016/8/2,29.4,22.5,27,10
2016/8/3,32,23.4,16,10
2016/8/4,33,24.4,0,4.8
2016/8/5,33.4,24.6,0,3.8
2016/8/6,34.2,25.8,0,4.8
2016/8/7,33.6,24.5,0,2.5
2016/8/8,33.2,25.3,0,9.3
2016/8/9,37.7,25.7,0,7
2016/8/10,34,26,0,6
2016/8/11,32.1,25.2,0,9.8
2016/8/12,31.9,24.2,0,9
2016/8/13,31.8,23.3,0,8.3
2016/8/14,30.4,23.5,0,10
2016/8/15,30.8,24.4,0.5,10
2016/8/16,33.1,23.7,33,9
2016/8/17,34.3,23,14,7.3
2016/8/18,31.6,25.2,67,10
2016/8/19,32.3,25,5,9.3
2016/8/20,30,24.1,82,9.8
2016/8/21,33.5,23.5,0,9.5
2016/8/22,28.3,23.2,106.5,10
2016/8/23,30.4,24.2,0.5,10
2016/8/24,31.2,23.5,0,8
2016/8/25,32.7,23.5,0,4
2016/8/26,32.8,24,0,5
2016/8/27,27,21.6,2,9
2016/8/28,24.6,21.3,2,10
2016/8/29,30.1,22.1,16,9.3
2016/8/30,28.1,22.5,40.5,7.8
2016/8/31,31.1,22.5,0,0.3
2016/9/1,32.5,22,0,1.5
2016/9/2,29.8,23,0,4.8
2016/9/3,32.5,24.6,0,8.3
2016/9/4,31.9,24,3,7.3
2016/9/5,33,24.8,0,6.3
2016/9/6,32.4,25.9,0,8
2016/9/7,30.3,25.4,4.5,9.5
2016/9/8,30.4,24.7,11.5,10
2016/9/9,32.5,22.6,0,8
2016/9/10,31.2,23.3,0,7.8
2016/9/11,25.1,20.8,5,10
2016/9/12,27.7,22.5,0,10
2016/9/13,23.9,21.4,34.5,10
2016/9/14,26.6,20.6,0,10
2016/9/15,26.4,22.2,24,10
2016/9/16,24.4,21.9,3.5,9.5
2016/9/17,29.4,21.6,0,9.5
2016/9/18,26.9,22.2,2,10
2016/9/19,22.9,19.2,21.5,10
2016/9/20,20.1,17.6,91.5,10
2016/9/21,23.2,17.6,0,10
2016/9/22,20.9,18.1,56.5,10
2016/9/23,22.1,19.4,16.5,10
2016/9/24,23.9,20.8,10.5,10
2016/9/25,28.4,20.3,0,10
2016/9/26,30.1,21.9,0,10
2016/9/27,29.8,22.8,0,9
2016/9/28,30.6,24,0,8.5
2016/9/29,27.9,21.7,0,10
2016/9/30,24.7,18.8,2.5,10
2016/10/1,21.8,17.6,1.5,10
2016/10/2,27.6,18.6,0,6
2016/10/3,26.5,20.1,2,10
2016/10/4,32,19.7,0,10
2016/10/5,26.4,21.5,0.5,10
2016/10/6,31.3,21.4,0,7.5
2016/10/7,24.9,19,0,8.5
2016/10/8,25.3,18.2,10,10
2016/10/9,25.7,18.6,32.5,10
2016/10/10,19.6,17.4,0,10
2016/10/11,20.1,16.2,0,10
2016/10/12,23.2,13.7,0,8.5
2016/10/13,18.2,15.3,0,9.3
2016/10/14,19.5,12.6,0,7.5
2016/10/15,22.7,11.8,0,0
2016/10/16,22.9,12.7,0,5
2016/10/17,19.5,15.7,24,10
2016/10/18,26.3,16.7,6,9.8
2016/10/19,23.9,18.4,0,7.5
2016/10/20,27.7,17,0,2.3
2016/10/21,21.4,15.4,0,7.5
2016/10/22,18.3,14.7,0,10
2016/10/23,22.3,14.7,0,9.8
2016/10/24,19.1,11.9,0,2.5
2016/10/25,17.2,10,1,6.3
2016/10/26,25.7,12.6,0,5
2016/10/27,23.3,13.2,0,4.8
2016/10/28,14.8,10.1,18,9.5
2016/10/29,20.8,11.6,0,9.5
2016/10/30,13.5,9.6,1,10
2016/10/31,19.1,9.8,0,9
2016/11/1,16.4,11.7,10,7.8
2016/11/2,12.2,8.6,1.5,10
2016/11/3,19.4,8.4,3,2.5
2016/11/4,18.8,8.5,0,2
2016/11/5,19.5,11.2,0,5
2016/11/6,20.8,9.9,0,0.3
2016/11/7,14.4,8.2,0,4.5
2016/11/8,13.6,6.1,2,7.5
2016/11/9,14.6,7.9,5,5.5
2016/11/10,13,7.6,0,9.8
2016/11/11,12.1,5.7,49,10
2016/11/12,18.8,10,0,4
2016/11/13,18.6,9.1,0,4.3
2016/11/14,16.7,11.5,6,10
2016/11/15,19.3,12.7,0,10
2016/11/16,14.8,10.7,0,7.3
2016/11/17,18.3,7.8,0,6.3
2016/11/18,15.7,6.1,0,3.3
2016/11/19,12,7.9,18,9.5
2016/11/20,20.4,8.9,0,5.5
2016/11/21,14.7,10.2,2.5,10
2016/11/22,19.3,10.3,2,6.8
2016/11/23,14.7,8.5,0,10
2016/11/24,8.6,0.9,23,9.5
2016/11/25,10.8,0.3,0,3.8
2016/11/26,13.1,3.2,0,5
2016/11/27,13.8,8.6,9.5,10
2016/11/28,14,9.4,7.5,9
2016/11/29,14.3,7.5,0,5
2016/11/30,11.8,4.8,0,6.5
2016/12/1,16.5,5.9,10.5,10
2016/12/2,15.5,8.7,0,4.5
2016/12/3,15.9,5.7,0,6.8
2016/12/4,16,7.3,2.5,9.8
2016/12/5,18.3,8.1,1.5,8.8
2016/12/6,17.1,7,0,2.8
2016/12/7,11.2,4.9,0,7
2016/12/8,13.9,3,0,3.3
2016/12/9,17.4,3.8,0,1.5
2016/12/10,12.2,5.6,0,0.3
2016/12/11,10.9,3.5,0,2.8
2016/12/12,10.5,2.6,0,5.3
2016/12/13,15.3,3.4,3,8.8
2016/12/14,11.3,5.3,37,7.5
2016/12/15,10.1,3.1,0,2.8
2016/12/16,9.8,1.5,0,1.5
2016/12/17,13.1,0,0,0
2016/12/18,14.9,3.2,0,3
2016/12/19,15.7,4.7,0,7.8
2016/12/20,14.5,5.9,0,5
2016/12/21,17,5.2,0,2.8
2016/12/22,20.2,6.6,10.5,9.5
2016/12/23,19.6,8.5,7.5,5.8
2016/12/24,11.9,5.4,0,1.3
2016/12/25,10.5,4.5,0,5
2016/12/26,11,3.8,0,9
2016/12/27,18.8,5.5,11.5,9.3
2016/12/28,9.4,2,0,2.3
2016/12/29,8,0.7,0,5
2016/12/30,10.2,2.6,0,0
2016/12/31,11.8,1.5,0,2.3
2017/1/1,13.8,2,0,2.8
2017/1/2,13.3,3.8,0,2.5
2017/1/3,13.7,3.5,0,0.5
2017/1/4,14,3.6,0,2.5
2017/1/5,10.4,3.7,0,0
2017/1/6,8.8,1.5,0,4
2017/1/7,8.7,0.1,0,2.3
2017/1/8,6,1.6,20.5,9.8
2017/1/9,11.1,3.8,5.5,7
2017/1/10,12.7,3.5,0,0.3
2017/1/11,11,3.9,0,0.3
2017/1/12,12.1,0.7,0,0.5
2017/1/13,12.7,1.4,0,2.3
2017/1/14,6.3,-1.3,0,5.8
2017/1/15,4.7,-2.3,0,1.5
2017/1/16,8,-2,0,0.8
2017/1/17,10.9,0.7,0,1
2017/1/18,10.3,1.1,0,4.3
2017/1/19,10.9,2.4,0,8
2017/1/20,3.8,2.2,0,10
2017/1/21,11,1.2,0,3.5
2017/1/22,12.9,0.9,0,2.5
2017/1/23,7.9,0.2,0,2.8
2017/1/24,7.7,-1.9,0,0.5
2017/1/25,9.5,-1.2,0,0
2017/1/26,10.7,-1.4,0,0
2017/1/27,16,1.4,0,6.5
2017/1/28,13.6,4.6,0,2
2017/1/29,12,4.8,0,10
2017/1/30,19.5,6.7,0,5
2017/1/31,10,2.8,0,2.3
2017/2/1,10.6,2.2,0,7.3
2017/2/2,9.7,0.9,0,0
2017/2/3,13.7,1,0,0
2017/2/4,13.4,4.4,0,0
2017/2/5,9.9,3.4,0,8.8
2017/2/6,15.7,3.3,0,4.3
2017/2/7,10,2.2,0,1
2017/2/8,11,1.9,0,6.3
2017/2/9,5.4,1,8,10
2017/2/10,9.3,1.5,0.5,8.3
2017/2/11,10.1,-1.6,0,4.3
2017/2/12,11.2,-0.4,0,0
2017/2/13,11.8,1,0,0.8
2017/2/14,11.8,2.1,0,3.5
2017/2/15,12.8,1.2,0,0.5
2017/2/16,13.7,1.3,0,2.3
2017/2/17,20.6,4.8,0,4.5
2017/2/18,10.7,6.4,0,9
2017/2/19,11.5,1.6,0,3.3
2017/2/20,19.7,1.8,6.5,6
2017/2/21,9.9,3.6,0,0.8
2017/2/22,10.6,1.1,0,8.3
2017/2/23,16.3,8.4,0.5,10
2017/2/24,11.3,5.2,0,10
2017/2/25,12.7,3.5,0,5.3
2017/2/26,14.2,3.3,0,5
2017/2/27,9.7,4.3,0,9
2017/2/28,10.1,3.2,0,3.3
2017/3/1,11.1,1.4,4.5,6.5
2017/3/2,8.7,5.4,9.5,10
2017/3/3,16,3.7,0,2.8
2017/3/4,14.6,3,0,9.3
2017/3/5,15.9,4.9,0,5.3
2017/3/6,11.5,7.6,1,9.3
2017/3/7,10.9,2.3,0.5,6.8
2017/3/8,11.8,0,0,2.3
2017/3/9,13,1.3,0,0.8
2017/3/10,14.8,3.2,0,1
2017/3/11,13.2,4.3,0,4
2017/3/12,12.2,3.1,0,7
2017/3/13,12.8,6,0.5,10
2017/3/14,11,6.4,2.5,10
2017/3/15,7.5,4,1,10
2017/3/16,15.5,1.9,0,6
2017/3/17,15.2,3.8,0,6.5
2017/3/18,16.2,3.6,0,5.5
2017/3/19,18.6,5.1,0,3
2017/3/20,18.7,7,0,5
2017/3/21,12.9,6.8,25.5,10
2017/3/22,15,5.7,0,2.5
2017/3/23,15.7,4.3,0,9.3
2017/3/24,13.9,4.6,0,7.3
2017/3/25,12.7,3.4,0,10
2017/3/26,8.1,4.8,12.5,10
2017/3/27,8.3,2.4,21.5,8.5
2017/3/28,14.9,3.2,0,3.5
2017/3/29,14.7,4.3,0,4.8
2017/3/30,17.8,6.3,0,7.3
2017/3/31,12.3,4.9,6.5,9
2017/4/1,8.9,4.6,5.5,10
2017/4/2,14.2,4.6,0,6.8
2017/4/3,16.1,6.4,1.5,5
2017/4/4,17.3,4.5,0,0.3
2017/4/5,20.7,7.7,0,9.5
2017/4/6,21.2,12.9,0.5,9.8
2017/4/7,21.6,15.5,3,7.8
2017/4/8,17.7,12.6,7,10
2017/4/9,15.2,11.1,9,10
2017/4/10,15.7,6.9,0,10
2017/4/11,10.7,6.4,46,10
2017/4/12,21.6,8.3,0,8.8
2017/4/13,17.6,6.7,0,5.5
2017/4/14,21.5,7.4,0,0.5
2017/4/15,24.2,14.2,0,5
2017/4/16,26.1,12,0,6
2017/4/17,26.1,13.8,13,10
2017/4/18,25.7,14.1,17.5,10
2017/4/19,26.1,12.7,0,1.3
2017/4/20,21.1,10.9,0,5.3
2017/4/21,19.2,13,0,10
2017/4/22,18.4,9.7,15,9.8
2017/4/23,20.3,8.8,0.5,4.3
2017/4/24,19.6,10.1,0,7
2017/4/25,21,12,0,6
2017/4/26,19.4,13.9,0,10
2017/4/27,19.4,12.1,3.5,9.8
2017/4/28,21.6,11.5,0,6
2017/4/29,23.4,10.2,0,3.5
2017/4/30,24.3,10.7,0,0
2017/5/1,26,13.6,1,4
2017/5/2,23.3,11.3,0,3.8
2017/5/3,22.4,12.3,0,10
2017/5/4,23.3,15,0,6.8
2017/5/5,25.6,14.6,0,2.5
2017/5/6,28.2,15.3,0,7.8
2017/5/7,24.3,13.8,0,9
2017/5/8,27.8,13.6,0,5
2017/5/9,21.9,16.3,0,9.5
2017/5/10,17.9,15.1,4,10
2017/5/11,27.4,14.8,0,7
2017/5/12,28.3,17.2,0,7.5
2017/5/13,20.1,16.1,27,10
2017/5/14,20.4,15.3,0,9.8
2017/5/15,22.6,15.4,0,9.8
2017/5/16,23.4,16.4,0,10
2017/5/17,19.7,14.8,0,10
2017/5/18,23.6,14.5,1.5,7.8
2017/5/19,26.3,14.6,0,4
2017/5/20,28.7,15.5,0,0
2017/5/21,30.9,17.6,0,3.3
2017/5/22,29,18.2,0,6
2017/5/23,27.4,19,0,2.8
2017/5/24,26.2,19.2,0,10
2017/5/25,24,18,1,10
2017/5/26,20.8,17.3,14.5,10
2017/5/27,27.3,18,0,9.5
2017/5/28,26.7,17.9,0,8.5
2017/5/29,26.9,17,0,5.5
2017/5/30,29.1,17.2,0,5.3
2017/5/31,27.5,20.7,0,10
2017/6/1,26.4,19.3,15.5,9.8
2017/6/2,29.1,18.3,0,4
2017/6/3,26.6,16,0,2.8
2017/6/4,26.7,16.7,0,6.5
2017/6/5,25.6,15.3,3.5,8
2017/6/6,24.2,15.4,0,9
2017/6/7,22.6,17.9,0,10
2017/6/8,25.8,19.2,0,10
2017/6/9,28.1,20.6,0,9.8
2017/6/10,30.6,20,0,8.8
2017/6/11,25.3,19.1,0,10
2017/6/12,26.3,16.6,0,9.3
2017/6/13,19.4,14.8,9.5,10
2017/6/14,24.6,15.2,3.5,9.3
2017/6/15,26,17.4,0,7
2017/6/16,29,17.5,0,5.8
2017/6/17,27.7,17.9,0,5.5
2017/6/18,22.5,17.7,11.5,10
2017/6/19,30.5,17.3,1,5.8
2017/6/20,28,16.5,0,9.8
2017/6/21,24.4,19.8,45.5,9.5
2017/6/22,27.9,20,0,10
2017/6/23,30.2,19.1,0,3
2017/6/24,29,21.9,0,9.3
2017/6/25,23.9,21.5,10,10
2017/6/26,25.9,20.3,0.5,10
2017/6/27,25.6,21.3,1,10
2017/6/28,25,20.2,3,8.5
2017/6/29,29.1,19.9,0,10
2017/6/30,25.7,22.1,2,10
2017/7/1,25.3,22.1,2,10
2017/7/2,32,20.9,1,9.8
2017/7/3,32.5,24.5,0,10
2017/7/4,29.9,23.5,15,10
2017/7/5,31.4,21.6,0.5,9
2017/7/6,30.7,23.2,0,7.8
2017/7/7,32.3,23,0,5
2017/7/8,33.7,22.8,0,1
2017/7/9,32.5,23,0,2.5
2017/7/10,32.1,23,0,1.5
2017/7/11,31.6,24.8,0,6
2017/7/12,33.1,25.6,0,6.5
2017/7/13,33.4,26,0,6.8
2017/7/14,32.4,25.4,0,1.5
2017/7/15,33.7,23.6,0,5.8
2017/7/16,34.9,25.1,0,10
2017/7/17,35,25.3,0,10
2017/7/18,32.7,22.7,10.5,10
2017/7/19,31.1,22.9,0,8.8
2017/7/20,32.3,24.9,0,4.8
2017/7/21,33.7,25.8,0,4.8
2017/7/22,32.5,25.8,0,6.8
2017/7/23,28.5,26.2,0,10
2017/7/24,32.9,26.7,0,10
2017/7/25,32.7,27,0,9
2017/7/26,28.2,23.2,35,10
2017/7/27,26.7,22.5,0.5,10
2017/7/28,32.3,22.5,0,9.3
2017/7/29,33.5,23.7,16,9.8
2017/7/30,29.2,23.3,0.5,10
2017/7/31,33,23.2,0,7
2017/8/1,31,22.7,6.5,10
2017/8/2,25.4,20.9,0.5,10
2017/8/3,28.9,20.2,0,9
2017/8/4,29.2,22,0,10
2017/8/5,31.9,24.6,0.5,10
2017/8/6,33.5,26.3,0,8
2017/8/7,33.2,25.9,9,7.5
2017/8/8,33.9,26.9,0,9.8
2017/8/9,37.1,25.9,0,7.8
2017/8/10,28.4,22.4,2.5,10
2017/8/11,24.8,21.7,10.5,10
2017/8/12,29.3,21,9.5,8
2017/8/13,31.2,23.1,0,9.5
2017/8/14,25.2,23.4,9.5,10
2017/8/15,26.3,22.4,43.5,10
2017/8/16,22.8,21.1,18.5,10
2017/8/17,28.2,20.9,3.5,10
2017/8/18,30.2,24,0,10
2017/8/19,30.3,22.4,17,9.5
2017/8/20,29.3,22.4,0,10
2017/8/21,31.5,24.1,0.5,9.8
2017/8/22,31.9,24.4,0,9.5
2017/8/23,33.7,24.7,0,7.3
2017/8/24,34.8,26.4,0,7.5
2017/8/25,34.9,25.8,0,10
2017/8/26,33.6,26.1,0,10
2017/8/27,30.6,23.2,0,7
2017/8/28,31.4,22.3,0,8.5
2017/8/29,32.2,25.2,0,9
2017/8/30,32.9,24.1,2,8.8
2017/8/31,24.2,20,8,9.8
2017/9/1,27.4,17.3,9.5,10
2017/9/2,24.5,16.8,14.5,8.3
2017/9/3,27.2,16.4,0,3
2017/9/4,22.5,18.9,8,10
2017/9/5,27.3,18.8,0.5,10
2017/9/6,22.8,19.8,9.5,10
2017/9/7,24,20.2,3,10
2017/9/8,28.2,21,0,6.3
2017/9/9,29.2,21.5,0,6.5
2017/9/10,29.9,21.6,0,6
2017/9/11,29.8,22.8,3,10
2017/9/12,27,22.7,4.5,10
2017/9/13,31.2,22.1,0,8
2017/9/14,31,22.6,0,9.5
2017/9/15,28.5,19.9,0,10
2017/9/16,22.9,18.1,8,10
2017/9/17,20.9,17.9,52,10
2017/9/18,33.3,20.3,16,8
2017/9/19,28.2,21.3,0,9.3
2017/9/20,25.7,21.4,0,10
2017/9/21,29.5,19.6,0,7.5
2017/9/22,26.1,19.3,20.5,8.3
2017/9/23,24,17.7,12.5,9.5
2017/9/24,26.3,18,0,9
2017/9/25,28.9,19.6,0,7.3
2017/9/26,28.2,20,0,4.8
2017/9/27,26.5,21,2.5,7.8
2017/9/28,24.7,16.2,45.5,10
2017/9/29,24.2,16,0,5.8
2017/9/30,24.2,17.6,0,7
2017/10/1,24.9,16.1,0,5
2017/10/2,25.1,19.6,3.5,9.5
2017/10/3,27.8,19.3,0.5,9.5
2017/10/4,21.3,15.4,0,9.5
2017/10/5,20.7,14.3,0,10
2017/10/6,18.6,14,28,10
2017/10/7,22.4,14.8,33.5,9.3
2017/10/8,26.4,17.3,0,9.5
2017/10/9,25.3,16.2,0,6.3
2017/10/10,28.6,18.1,0,1.3
2017/10/11,23.4,19.7,0,7.5
2017/10/12,29,18.7,0.5,9.5
2017/10/13,19.8,14.5,4.5,10
2017/10/14,15.4,13.7,19,10
2017/10/15,16,14.1,13.5,10
2017/10/16,14.3,11.8,32,10
2017/10/17,15.6,11.6,7.5,9.5
2017/10/18,19.5,11.2,0,6
2017/10/19,12.3,9.9,42,10
2017/10/20,17,11.4,15.5,10
2017/10/21,17.2,15.2,21.5,10
2017/10/22,18.1,16.8,147.5,10
2017/10/23,22.7,15,40,8
2017/10/24,18.2,13.4,0,10
2017/10/25,14.4,11.2,9.5,9.5
2017/10/26,20.2,10.3,0,1
2017/10/27,20.7,9.5,0,2.5
2017/10/28,16.5,13.4,7.5,10
2017/10/29,16.3,13.4,105.5,10
2017/10/30,18.9,10.5,0,0.3
2017/10/31,16.9,9.1,0,7
2017/11/1,19.1,9.8,0,6.3
2017/11/2,20.8,9.6,0,7.5
2017/11/3,21.9,12,5.5,7.3
2017/11/4,21.8,11.9,0.5,8.5
2017/11/5,17.8,10.1,0,0.3
2017/11/6,19.8,8,0,0.8
2017/11/7,21.2,9.3,0,3.3
2017/11/8,18.4,11.5,0,8.5
2017/11/9,18.8,10.5,0,0.8
2017/11/10,17.7,9.1,0,6.3
2017/11/11,20.7,11.3,0,7.3
2017/11/12,16.1,9.2,0,2.8
2017/11/13,16.5,7.6,7,9.3
2017/11/14,15.3,10.3,4,10
2017/11/15,17,10.2,0,9
2017/11/16,16.4,7.9,0,4
2017/11/17,13.6,5.5,0,7.8
2017/11/18,15.1,8.2,0.5,9.8
2017/11/19,12.3,4.7,0,2.5
2017/11/20,10.4,3.6,0,7.5
2017/11/21,11.9,3.7,0,0
2017/11/22,11.5,3.2,2,9.3
2017/11/23,14.5,6.1,27,8
2017/11/24,14.8,5.1,0,7.3
2017/11/25,14.4,3.7,0,3.5
2017/11/26,18.2,3.5,0,5.8
2017/11/27,14.5,7.7,0,7.5
2017/11/28,15,9.9,0,10
2017/11/29,19.2,7.3,0,2.3
2017/11/30,14.3,7.7,0.5,10
2017/12/1,10.2,6.7,0,10
2017/12/2,11.1,4.5,0,3
2017/12/3,12.5,5.2,0,5.3
2017/12/4,12.6,4.6,0,7
2017/12/5,14.5,4.4,0,1
2017/12/6,11.1,2.8,0,0.5
2017/12/7,11.5,2.7,0,4.8
2017/12/8,9.5,2.6,4.5,9.3
2017/12/9,10.4,1.2,0,0
2017/12/10,13.3,1.3,0,3.5
2017/12/11,16,5.1,0,2
2017/12/12,10.3,3.8,0,3.3
2017/12/13,10.4,2.6,0,4.8
2017/12/14,10.1,1.6,0,1.5
2017/12/15,8.3,3,0,10
2017/12/16,13.3,2.1,0,9.5
2017/12/17,9.3,3.3,0,3.5
2017/12/18,9.5,-0.2,0,2.3
2017/12/19,12.8,0.3,0,0
2017/12/20,9.4,2.3,0,4
2017/12/21,10.4,0.7,0,2
2017/12/22,10.9,1.5,0,2.5
2017/12/23,13.4,1,0,3
2017/12/24,10.8,4.5,0,7
2017/12/25,15,5.4,10.5,4.8
2017/12/26,12.6,3.6,0,3.3
2017/12/27,9.2,1,0,0.5
2017/12/28,9.8,1.1,0,0.5
2017/12/29,10.5,2.3,0,2
2017/12/30,11.1,1,0,2.8
2017/12/31,5.4,2.2,0,8.5
2018/1/1,13,0.4,0,1
2018/1/2,10.8,0.8,0,0.3
2018/1/3,8.6,2.3,0,0.8
2018/1/4,9.6,0,0,0.8
2018/1/5,6.3,0.8,0,10
2018/1/6,10.5,-1.4,0,1.5
2018/1/7,11.6,1.2,0,6.3
2018/1/8,9.5,3.2,8,10
2018/1/9,16,3.3,1.5,5.8
2018/1/10,11.1,3.3,0,0
2018/1/11,10.2,0.8,0,0.8
2018/1/12,7,-1.6,0,3.5
2018/1/13,7.3,-0.8,0,0.5
2018/1/14,8.4,0.4,0,0
2018/1/15,12.4,-1.1,0,1.5
2018/1/16,13.7,1.4,0,3.8
2018/1/17,9.1,4.4,15,9.8
2018/1/18,13.7,3,0,5.5
2018/1/19,11.2,6,0,8
2018/1/20,10.1,4.3,0,6.5
2018/1/21,12,2.3,0,3.8
2018/1/22,5.3,-0.5,24,10
2018/1/23,10,-0.7,0,3
2018/1/24,7.3,-1.8,0,2.8
2018/1/25,4,-4,0,0.3
2018/1/26,5.1,-3.1,0,2.5
2018/1/27,7.3,-1.8,0,0
2018/1/28,5.5,-0.8,0,5
2018/1/29,9.7,-1.9,0,7.8
2018/1/30,6.6,0.8,0,5
2018/1/31,9.2,-1,0,5.5
2018/2/1,6.3,0.6,9,9.8
2018/2/2,3.8,0.5,6,10
2018/2/3,7.8,1.6,0,8.5
2018/2/4,9.8,1.9,0,5.3
2018/2/5,8.1,0.5,0,3.3
2018/2/6,8.2,-1.6,0,2.8
2018/2/7,9.1,-1.8,0,0
2018/2/8,9.2,-0.7,0,2
2018/2/9,9.5,-1.4,0,1.3
2018/2/10,11.9,0.3,1.5,8
2018/2/11,14.9,4.2,0,9.5
2018/2/12,9.7,-0.7,0,3.8
2018/2/13,9.7,-1.2,0,1.5
2018/2/14,11,-0.2,0,2.5
2018/2/15,15.1,5.5,0,8.3
2018/2/16,10,3.4,0,9
2018/2/17,12.3,0.6,0,5.3
2018/2/18,9.8,-1.8,0,3.8
2018/2/19,10.7,1.5,0,7
2018/2/20,12.4,3.2,0,6.3
2018/2/21,8.6,3.5,0,10
2018/2/22,5.7,1.5,2,10
2018/2/23,8.1,1.8,0.5,6
2018/2/24,14.4,0.5,0,1
2018/2/25,8.9,2.9,0,8.5
2018/2/26,10.9,3.9,0,6
2018/2/27,12.8,3.9,0,4.3
2018/2/28,14.7,3.3,1,7.5
2018/3/1,20.3,6.7,48,3.8
2018/3/2,14.4,5.4,0,0.5
2018/3/3,16.2,3.2,0,5
2018/3/4,21.2,5.8,0,0
2018/3/5,19.9,9.7,15.5,10
2018/3/6,12.5,4.4,3,6
2018/3/7,8.3,2.8,0,8.3
2018/3/8,9.8,3.6,26,10
2018/3/9,17.5,6.4,58,10
2018/3/10,11.8,4.4,1.5,5.8
2018/3/11,16.1,5.5,0,7
2018/3/12,15.9,5.2,0,0.3
2018/3/13,17.5,5.3,0,2
2018/3/14,21.5,7.2,0,0
2018/3/15,22.1,9,0,6.8
2018/3/16,17.5,5.7,4,10
2018/3/17,12.1,3.1,0,1
2018/3/18,15.8,5.4,0,9.5
2018/3/19,18,8.7,0.5,9.5
2018/3/20,11.1,6.5,10,10
2018/3/21,6.6,1.7,31,10
2018/3/22,14.5,4.1,20,8.8
2018/3/23,18.8,7.8,2.5,9.3
2018/3/24,16.8,7.1,0,9
2018/3/25,19.3,6.6,0,2.3
2018/3/26,21.8,8.2,0,5.8
2018/3/27,22.1,10.1,0,8
2018/3/28,22.9,11.1,0,1
2018/3/29,24.2,12.4,0,1.5
2018/3/30,18.4,9.6,0,2
2018/3/31,18.1,8.3,0,0.3
2018/4/1,21.9,9.6,0,5
2018/4/2,24.5,12.3,0,3
2018/4/3,23.4,14.3,0,6.3
2018/4/4,26.2,14.7,0,0.5
2018/4/5,15.3,11.6,0,10
2018/4/6,22.4,11.6,1,10
2018/4/7,21.8,10.2,0,9.5
2018/4/8,16.8,7.2,0,2.5
2018/4/9,19.9,5.5,0,2.5
2018/4/10,19.1,8,0,2.3
2018/4/11,21.9,12.4,0,9.5
2018/4/12,25.9,13.9,0,9.8
2018/4/13,20.9,11.9,0,0.5
2018/4/14,18.8,11.4,0,9.5
2018/4/15,22.1,13.5,19,10
2018/4/16,20,11.7,0,10
2018/4/17,15,11,2.5,10
2018/4/18,16,10.4,28,7.8
2018/4/19,22.2,10.2,0,2
2018/4/20,26.4,12.3,0,2.5
2018/4/21,26,12.8,0,0
2018/4/22,28.3,13.9,0,1.5
2018/4/23,18.7,15.1,0,9.3
2018/4/24,21.3,15.4,1.5,10
2018/4/25,22.5,16.6,57,10
2018/4/26,25,14.8,0,7.8
2018/4/27,22,15.1,0,9.5
2018/4/28,26.1,15.2,0,0
2018/4/29,25.6,14,0,0
2018/4/30,25.7,16.7,0,6.3
2018/5/1,28.1,16.7,0,4.8
2018/5/2,25.3,17.1,3.5,10
2018/5/3,27.4,16.8,14,10
2018/5/4,23.8,13.2,0,3.5
2018/5/5,24.3,11.5,0,1.8
2018/5/6,26.5,14.4,0,9.8
2018/5/7,21.6,13.9,21,10
2018/5/8,14.6,11.4,10.5,10
2018/5/9,14.3,10.3,35,10
2018/5/10,15.8,10,9,6.3
2018/5/11,22.4,9,0,7.3
2018/5/12,24.6,12.9,0,6.5
2018/5/13,21.4,14.6,49,10
2018/5/14,28.6,15.2,0,3
2018/5/15,28.4,14.8,0,2
2018/5/16,29,18.8,0,5.8
2018/5/17,28.4,21.4,0,9
2018/5/18,27.1,20,0,7.8
2018/5/19,26.3,15.3,0,7.5
2018/5/20,22.1,13.1,0,4.3
2018/5/21,27.2,13.7,0,10
2018/5/22,27.3,15,0,0.3
2018/5/23,22,17,9,10
2018/5/24,25.7,16.1,6,6
2018/5/25,27.1,18.7,0,8.3
2018/5/26,25.2,18,0,9.8
2018/5/27,26.9,16.2,0,3.3
2018/5/28,26,18.8,0,10
2018/5/29,27.6,19.3,0,10
2018/5/30,25,17.4,8.5,10
2018/5/31,22,16.5,0,10
2018/6/1,27.5,17.3,0,8
2018/6/2,27.2,16.9,0,3.8
2018/6/3,28.6,17.3,0,4.3
2018/6/4,29.1,18.5,0,3
2018/6/5,28.3,18.2,0,7.5
2018/6/6,22.8,18.3,12.5,10
2018/6/7,27.3,18.2,1.5,7.8
2018/6/8,27.5,19.3,1,7.3
2018/6/9,32,21.2,0,8.8
2018/6/10,22,18.6,31,10
2018/6/11,19.9,18.1,50,10
2018/6/12,26.4,17.8,0,10
2018/6/13,27,18.3,0,8
2018/6/14,25.2,18.6,0,10
2018/6/15,20,15.4,9.5,10
2018/6/16,18.4,14.2,3,10
2018/6/17,22.5,15.1,0,10
2018/6/18,21.2,17.7,2,10
2018/6/19,28.8,18.2,0,9.8
2018/6/20,21.7,19.4,24.5,10
2018/6/21,24.4,19,2,9.5
2018/6/22,28.1,19.4,0,7.3
2018/6/23,23,17.9,16,10
2018/6/24,27,18.4,2.5,10
2018/6/25,32.6,19.7,0,2.8
2018/6/26,30.1,22.3,0,7.5
2018/6/27,31.7,24.9,0,9
2018/6/28,31.9,25.2,0,8
2018/6/29,32.9,25.4,0,4
2018/6/30,32.7,25.2,0,6
2018/7/1,32,25.4,0,1.5
2018/7/2,33.5,24,0,0
2018/7/3,32.7,25.6,0,7.8
2018/7/4,31.2,25.5,0,10
2018/7/5,28.7,24.8,2,10
2018/7/6,25,19.1,28.5,10
2018/7/7,29.6,19.3,0,10
2018/7/8,32.2,24.5,0,10
2018/7/9,31.6,24.2,3.5,7.8
2018/7/10,32.8,25.4,0,6
2018/7/11,34.2,25.2,0,10
2018/7/12,30,23.1,3.5,10
2018/7/13,33.8,25.5,0,8.5
2018/7/14,35.4,26.2,0,7
2018/7/15,34.5,26.3,0,3
2018/7/16,34.4,26.3,0,9.8
2018/7/17,34.8,26.9,0,10
2018/7/18,35.3,26.7,0,5.3
2018/7/19,34.8,26.6,0,7.3
2018/7/20,34.2,27,0,3.5
2018/7/21,34.9,26.9,0,6.5
2018/7/22,35.6,26.6,0,8.3
2018/7/23,39,28.5,0,7.5
2018/7/24,35.3,26.3,2.5,6.3
2018/7/25,32.2,25.7,0,10
2018/7/26,30.7,24.3,0,9.8
2018/7/27,28.5,23.5,0,9.5
2018/7/28,28,20.1,52,10
2018/7/29,32.3,25.4,15,9
2018/7/30,31.9,25,0,8.8
2018/7/31,33.8,24.4,0,4.5
2018/8/1,35.1,24.8,0,1.8
2018/8/2,37.3,26.7,0,6.5
2018/8/3,35.4,27.3,0,6
2018/8/4,34.1,26.1,0,7.3
2018/8/5,34.7,27.2,0,4.5
2018/8/6,34,25,0,10
2018/8/7,25,20.8,4.5,10
2018/8/8,25.1,21.6,41,10
2018/8/9,32.1,23.8,4,8.3
2018/8/10,34.5,27,0,5.8
2018/8/11,33.6,26,0.5,9.5
2018/8/12,31.1,25.6,0,10
2018/8/13,34.1,24.6,10.5,10
2018/8/14,34.1,23.9,0,6
2018/8/15,33.1,27.2,0,9.5
2018/8/16,32.3,25.8,0,9
2018/8/17,30,21.3,0,4
2018/8/18,27.2,18.3,0,7.8
2018/8/19,28.6,19.4,0,7.8
2018/8/20,27.6,20.9,0,10
2018/8/21,33.6,23.7,0,6
2018/8/22,34.1,26.9,0,2.8
2018/8/23,33.7,26.2,0,8.5
2018/8/24,31.4,26.3,7.5,10
2018/8/25,35.6,27.6,0,5.5
2018/8/26,36,26.4,0,3.5
2018/8/27,35.8,24.5,16,4.5
2018/8/28,30.5,23.5,1,10
2018/8/29,29.2,24.1,0.5,10
2018/8/30,34,25,0,9.3
2018/8/31,35.4,25.1,1,9.3
2018/9/1,31.4,21,6,8.5
2018/9/2,23.7,20.7,7.5,10
2018/9/3,26.1,22,4,10
2018/9/4,28.7,22.8,14.5,10
2018/9/5,32,22.5,8.5,6.5
2018/9/6,31.5,24.8,0,8.8
2018/9/7,30.4,24.9,0,9.3
2018/9/8,33,26.3,0,8.3
2018/9/9,32.1,26.1,0,8.3
2018/9/10,30.6,21.4,38.5,10
2018/9/11,23.9,19.3,4,10
2018/9/12,24.4,18.1,0,9.5
2018/9/13,27.3,18.5,0,10
2018/9/14,24.9,19.9,7.5,10
2018/9/15,22.2,19.1,14.5,10
2018/9/16,27.4,20.1,0,8.8
2018/9/17,31.2,21.1,26,9.5
2018/9/18,28.1,20.3,40.5,7.8
2018/9/19,27.4,18.2,0,7.3
2018/9/20,24,15.4,40.5,10
2018/9/21,19,15.6,36,10
2018/9/22,25.8,18.7,0,8.5
2018/9/23,28.4,21.8,0,9.3
2018/9/24,28.6,21.2,1.5,9.8
2018/9/25,25.2,18.6,14.5,10
2018/9/26,19.9,15.7,38.5,10
2018/9/27,17.5,14.7,19,10
2018/9/28,26,14.1,0,1.5
2018/9/29,21.3,17.2,9.5,10
2018/9/30,27,16.9,34,10
2018/10/1,32.3,20.4,18,6.5
2018/10/2,26.9,17.5,0,3.3
2018/10/3,23.3,18.1,0,8.3
2018/10/4,21.4,18.7,0,10
2018/10/5,20.1,17.8,9.5,10
2018/10/6,29.3,18.4,0,7.3
2018/10/7,32.3,23.9,0,2.8
2018/10/8,24.1,18.7,0,9
2018/10/9,26.4,17.9,0,5.8
2018/10/10,26.4,18.7,0.5,9
2018/10/11,23.7,19.7,1,10
2018/10/12,22.5,18.4,0,10
2018/10/13,18.5,15.6,0,10
2018/10/14,19.6,13.2,7.5,9.8
2018/10/15,21.1,16.2,0.5,10
2018/10/16,21.2,15.5,0,9
2018/10/17,22.3,14.9,1,9.5
2018/10/18,21.7,13.7,0,5.8
2018/10/19,20.1,14.3,0.5,9.5
2018/10/20,22,13,9,7.5
2018/10/21,21.6,12.8,0,0
2018/10/22,21.6,11.6,0,3.5
2018/10/23,16,12.6,1.5,10
2018/10/24,22.7,13.7,0.5,7.8
2018/10/25,22.4,14,0,2
2018/10/26,21.6,14.8,0,9.5
2018/10/27,24.4,15.9,12,7.3
2018/10/28,21.1,13.9,0,5
2018/10/29,22.2,12.2,0,0
2018/10/30,22.9,11.8,0,1.5
2018/10/31,19.9,11.9,0,8.8
2018/11/1,19.5,11.5,0,4.3
2018/11/2,18.8,10.1,0,2
2018/11/3,20.2,10.6,0,3.5
2018/11/4,16.4,13,0,9.8
2018/11/5,21.9,14.5,1.5,9.3
2018/11/6,21.1,16.2,35.5,10
2018/11/7,20,13.8,0,7.5
2018/11/8,20.7,13.1,0,7
2018/11/9,17.3,14.2,7,10
2018/11/10,22.8,15,1.5,6.3
2018/11/11,20.1,13.5,0,5
2018/11/12,19,12.8,0.5,10
2018/11/13,16.6,12.6,1.5,10
2018/11/14,16.7,10.1,0,4.3
2018/11/15,17,8.7,0,0
2018/11/16,17.2,8.1,0,7
2018/11/17,19.5,11.1,0,6.5
2018/11/18,17.2,10.8,0,10
2018/11/19,16.3,10.8,8.5,10
2018/11/20,15.3,8.2,1,7.3
2018/11/21,16.3,5.8,1.5,5.3
2018/11/22,13.5,7.9,4,7.5
2018/11/23,15.3,6.6,0,4.3
2018/11/24,12.1,7.5,0,8
2018/11/25,14.5,6.5,0,8.3
2018/11/26,17.7,7.1,0,9.8
2018/11/27,17.9,11.5,0,5.5
2018/11/28,18.1,8.9,0,5
2018/11/29,15.3,10.8,0.5,10
2018/11/30,16,8.1,0,2.8
2018/12/1,17.2,7.7,0,5.3
2018/12/2,11.6,7.7,0,10
2018/12/3,17,9.7,0,10
2018/12/4,23.4,12.3,0,9.3
2018/12/5,20.2,13.1,0,8.5
2018/12/6,13.2,8.3,18,10
2018/12/7,16.4,9,0,10
2018/12/8,12.2,6.3,0,7.3
2018/12/9,10.5,5.5,0,8.3
2018/12/10,8.4,4.1,0,6.3
2018/12/11,7.3,1.4,7,7.5
2018/12/12,10.8,3.2,15,9
2018/12/13,9.6,4.2,0.5,6.8
2018/12/14,10.3,2.5,0,3.5
2018/12/15,9.5,2.6,0,1.3
2018/12/16,5.8,0.4,0,7
2018/12/17,11.5,3,2.5,6
2018/12/18,12.8,5.1,0,2.5
2018/12/19,12.7,3.7,0,0.5
2018/12/20,14.1,4.2,0,6.3
2018/12/21,13.7,3.9,0,3.3
2018/12/22,11,6.5,0.5,9.3
2018/12/23,12.6,7.5,0.5,9.8
2018/12/24,11.3,4.3,0,2.3
2018/12/25,9.4,2.6,0,7.3
2018/12/26,11.7,1.2,0,7.3
2018/12/27,13.2,4.9,0,3
2018/12/28,8.4,1.8,0,0.5
2018/12/29,9.8,-0.7,0,2
2018/12/30,10.1,0.1,0,0.3
2018/12/31,8.9,0.8,0,4
2019/1/1,10.7,0.9,0,0.5
2019/1/2,10.9,2.2,0,0.3
2019/1/3,10.9,-0.3,0,0
2019/1/4,9.8,0.2,0,1.5
2019/1/5,14,0.9,0,0.5
2019/1/6,8,2.4,0,6.3
2019/1/7,10.6,0.4,0,1.5
2019/1/8,9.8,0.7,0,4.3
2019/1/9,8,1,0,0.8
2019/1/10,5.2,-1.2,0,3.8
2019/1/11,12.2,-0.2,0,0.8
2019/1/12,6.2,2.7,0,10
2019/1/13,10.1,3.9,0,5.3
2019/1/14,9.8,1.3,0,0.8
2019/1/15,10.5,0.4,0.5,6
2019/1/16,11.3,1.8,0,7.5
2019/1/17,11.6,2,0,3
2019/1/18,10,2.8,0,0
2019/1/19,11.7,1.9,0,1.3
2019/1/20,12,1.8,0,0.8
2019/1/21,10.5,2.5,0,0.3
2019/1/22,10.6,-0.2,0,0.8
2019/1/23,11.2,1.7,0,3
2019/1/24,10.2,3.4,0,0
2019/1/25,10,2.8,0,5.8
2019/1/26,9.9,1.5,0,4.5
2019/1/27,9.7,1.1,0,0
2019/1/28,13.2,0,0,5
2019/1/29,9.9,3,0,0.3
2019/1/30,10,0.2,0,2
2019/1/31,11.2,1.7,15.5,10
2019/2/1,8.3,1.3,0,0.5
2019/2/2,12.6,-0.9,0,0.8
2019/2/3,13.4,3,0,3
2019/2/4,19.4,6.7,0,2.3
2019/2/5,8.8,5.3,0,9
2019/2/6,7.7,3.9,15,7.5
2019/2/7,16.5,3.9,0,7.8
2019/2/8,10.6,3.3,0,7.3
2019/2/9,3.5,-0.5,2,10
2019/2/10,7.9,-1.2,0,7.8
2019/2/11,4.6,0.4,0,10
2019/2/12,11.1,0.9,0,4
2019/2/13,8.6,3.3,0,9.3
2019/2/14,8.5,1.8,0,7.5
2019/2/15,5.3,0,0,9.5
2019/2/16,13.9,2,0,6.8
2019/2/17,11.8,3.4,0,4.3
2019/2/18,14.6,2,0,0.8
2019/2/19,12.8,6.1,1.5,10
2019/2/20,19.5,5.4,0.5,6.8
2019/2/21,14.8,7.3,0,3.3
2019/2/22,13.7,4.1,0,7.8
2019/2/23,14.7,5.6,0,6.5
2019/2/24,13.6,2.3,0,6.3
2019/2/25,17.1,6.6,0,7.8
2019/2/26,12.5,7.8,0,8.3
2019/2/27,10.6,4,0.5,10
2019/2/28,7.6,5.1,22.5,10
2019/3/1,13.1,6.5,1.5,8.8
2019/3/2,14.7,6.4,0,5.3
2019/3/3,10.4,4.4,13.5,10
2019/3/4,9.5,5.4,27.5,10
2019/3/5,15.8,4.3,0.5,6
2019/3/6,14.2,8,3,10
2019/3/7,10.3,4.3,28,9.3
2019/3/8,12.5,3.9,0,0
2019/3/9,16.9,2.3,0,2
2019/3/10,16.4,6.9,6.5,9.8
2019/3/11,17.8,9.4,32,6.5
2019/3/12,17.1,8.3,0,2.5
2019/3/13,19.1,5.6,0,2
2019/3/14,14.3,3.3,0,4.3
2019/3/15,15,4.1,0,3.3
2019/3/16,13.9,6.4,0,6.3
2019/3/17,15.3,3.5,0,5
2019/3/18,14.5,4.1,0,4
2019/3/19,19.2,6.3,0,10
2019/3/20,21.5,8.5,0,2
2019/3/21,22.3,13.9,0,8.3
2019/3/22,23.9,8.7,0,9.8
2019/3/23,9,4.4,0,10
2019/3/24,15.4,1.1,0,0.8
2019/3/25,15,3.9,0,7.5
2019/3/26,15.9,9.7,0,5.8
2019/3/27,19.7,7.3,0,3
2019/3/28,16.9,9,0,9.3
2019/3/29,9.3,6.8,0,10
2019/3/30,11.7,7.2,3.5,10
2019/3/31,16.3,7.3,1.5,7.3
2019/4/1,16.2,4.2,5.5,6
2019/4/2,13.1,2.3,0,3.8
2019/4/3,14.1,2.7,0,0.3
2019/4/4,16.7,3.4,0,1.5
2019/4/5,22.5,6.7,0,3.5
2019/4/6,21.6,11,0,2.8
2019/4/7,21.6,10.4,0,3.5
2019/4/8,14.8,5.9,11,10
2019/4/9,16.9,4.3,0,2.3
2019/4/10,10.2,3.6,29.5,10
2019/4/11,16.7,4.4,1.5,9.5
2019/4/12,12.6,7.5,0,10
2019/4/13,18.2,5.5,0,2.8
2019/4/14,18.3,9.7,0,10
2019/4/15,22.7,11.6,5,4
2019/4/16,21,10.1,0,2.3
2019/4/17,19.5,11,0,9.5
2019/4/18,23.5,13.4,0,5.3
2019/4/19,23.6,14.3,0,9.8
2019/4/20,19.1,9.8,0,5.3
2019/4/21,23.1,12.2,0,8
2019/4/22,25.6,14.4,0,9
2019/4/23,23.3,15.3,0,10
2019/4/24,20.6,17.5,3,10
2019/4/25,24.3,18.1,4,8.8
2019/4/26,20,9.5,4.5,10
2019/4/27,13.2,8,6.5,7.5
2019/4/28,18.7,6,0,6.3
2019/4/29,19.8,10.5,0,10
2019/4/30,17.4,12.8,20,10
2019/5/1,23.4,14.3,26,10
2019/5/2,23.9,13.8,3.5,6
2019/5/3,25,11,0,9
2019/5/4,24.8,14.1,0,7.8
2019/5/5,25.2,12.5,0,5.3
2019/5/6,22.1,15.1,0,8.3
2019/5/7,20.9,10.8,0,7.5
2019/5/8,22.7,7.9,0,2.5
2019/5/9,22.7,14.3,0,8.3
2019/5/10,27.1,13.9,0,6.8
2019/5/11,27.8,15.3,0,5.5
2019/5/12,22.2,14.5,0,8.3
2019/5/13,22.6,13.3,0,9.8
2019/5/14,19.3,16.1,0.5,9.8
2019/5/15,23.8,15.7,0,9.5
2019/5/16,24.6,16,0,6.8
2019/5/17,25.9,15.3,0,2.8
2019/5/18,25.6,15.6,0,8.8
2019/5/19,25.2,17.5,0,8.5
2019/5/20,25,16.5,0,9.3
2019/5/21,21.9,16.3,82,10
2019/5/22,25.2,14.1,0,8
2019/5/23,27,15.2,0,4
2019/5/24,31,16.4,0,0.3
2019/5/25,31.9,17,0,0
2019/5/26,32.6,18.6,0,5.3
2019/5/27,32.4,19.9,0,5
2019/5/28,28.1,19.1,1,10
2019/5/29,25.1,16.8,7.5,10
2019/5/30,26,16.6,0,5.8
2019/5/31,24.2,19.5,0,10
2019/6/1,25.7,18.6,0,10
2019/6/2,25,19,0,10
2019/6/3,27,18.7,0,9.5
2019/6/4,27.7,17.6,0,7.8
2019/6/5,25.8,20,0,9.3
2019/6/6,32.3,18.7,0,6
2019/6/7,23.4,19,19.5,10
2019/6/8,25.4,18.7,0,9.3
2019/6/9,20.7,15.9,10,10
2019/6/10,17.4,14.9,92.5,10
2019/6/11,23.6,15,1,8.8
2019/6/12,21.5,14.5,0.5,9.5
2019/6/13,26.4,13.9,0,1.5
2019/6/14,26.8,17.7,0,7.5
2019/6/15,20.9,16.2,51,10
2019/6/16,30.7,16.9,5,3.3
2019/6/17,28.7,17.4,0,6.5
2019/6/18,27.7,20,0,6
2019/6/19,28.6,18.8,0,6
2019/6/20,29.1,21.1,0,9.3
2019/6/21,29.5,22.3,0,10
2019/6/22,25.3,20.6,6,8
2019/6/23,24,19.6,0,10
2019/6/24,21,17.8,25.5,10
2019/6/25,27.3,17.2,0,6.8
2019/6/26,28.9,20.4,0,8.5
2019/6/27,28.7,22.8,2,10
2019/6/28,30.7,21.4,3.5,10
2019/6/29,21.5,19,3,10
2019/6/30,23.6,20.3,5.5,10
2019/7/1,24.3,21,1.5,10
2019/7/2,28.1,21.5,0.5,10
2019/7/3,29.1,22.2,1,10
2019/7/4,25.2,19.9,10.5,10
2019/7/5,24.5,19,4.5,9
2019/7/6,23.7,19.2,14.5,10
2019/7/7,20.8,17.9,22.5,10
2019/7/8,24.8,17.7,0,10
2019/7/9,21.8,18.5,0,10
2019/7/10,24.8,18.5,0,9.3
2019/7/11,23.6,17.9,2,10
2019/7/12,21.9,18.2,12.5,10
2019/7/13,27.3,20,0.5,10
2019/7/14,22.5,20.2,39,10
2019/7/15,25,19.4,7,10
2019/7/16,22.1,19,33.5,10
2019/7/17,28.7,20.3,0.5,8.5
2019/7/18,29.7,22.2,9.5,10
2019/7/19,31.4,23,3.5,9.5
2019/7/20,29.5,24.4,0,10
2019/7/21,28.2,22.7,0,10
2019/7/22,24,21.6,0.5,10
2019/7/23,29.3,22.4,4,9.8
2019/7/24,31.6,23.7,6,7.8
2019/7/25,32.4,24.4,0,7.5
2019/7/26,33.1,25.6,0.5,4.8
2019/7/27,31.4,25.1,4,8
2019/7/28,32.3,25,15,8.3
2019/7/29,33.7,25.3,0,5.5
2019/7/30,33.6,26,0,4.3
2019/7/31,34.6,26.5,0,7.8
2019/8/1,35,26.3,0,1.8
2019/8/2,35.1,27.1,0,2.8
2019/8/3,33.7,25.7,0,1
2019/8/4,34.3,25.3,0,3
2019/8/5,34.9,25.1,0,2.8
2019/8/6,35,27.5,0,7.5
2019/8/7,35.6,26.7,0,6.5
2019/8/8,35.5,26,0,4.3
2019/8/9,35.6,26.2,0,6.5
2019/8/10,34.4,25.7,0,4.3
2019/8/11,35.6,25.3,0,6
2019/8/12,33.2,25.6,0.5,10
2019/8/13,35.5,26.9,0,6.8
2019/8/14,32.4,27.1,8.5,9
2019/8/15,32.6,25.9,20,8.5
2019/8/16,31.6,28,0,9
2019/8/17,35.5,27.3,0,1
2019/8/18,35.2,26.5,0,5.8
2019/8/19,32.2,25.7,0.5,9.8
2019/8/20,31.1,24.1,13,9.3
2019/8/21,31.4,23.6,3,9.3
2019/8/22,29.5,23.2,20,10
2019/8/23,28.5,24,4.5,10
2019/8/24,31.4,24,0,7.8
2019/8/25,31.1,20.7,15,6.5
2019/8/26,28.5,22.9,0,7.5
2019/8/27,29.4,22.8,6,10
2019/8/28,28.1,23.2,7,9.8
2019/8/29,34.6,24.7,0,7.8
2019/8/30,28,24.2,12,8.3
2019/8/31,31.7,24.3,0,9
2019/9/1,32.1,25,0,10
2019/9/2,31.8,24.1,0,6.8
2019/9/3,28.5,22.6,1.5,8.5
2019/9/4,26.5,22.5,0,10
2019/9/5,29.6,23,0,10
2019/9/6,32.9,23.1,0,3.8
2019/9/7,33.5,24.8,0,5.5
2019/9/8,33.3,25.3,8.5,6.3
2019/9/9,36.2,24.5,119,8
2019/9/10,35.6,25.4,0.5,7.5
2019/9/11,32.3,24.3,7.5,7.5
2019/9/12,28.7,22.7,0,7.3
2019/9/13,23.6,20.3,0,10
2019/9/14,25.1,19.5,0,10
2019/9/15,31.1,20.3,0.5,7
2019/9/16,25.3,21.4,28.5,7.5
2019/9/17,31.1,22.3,0,5.5
2019/9/18,24.8,18.4,9.5,9.3
2019/9/19,27.7,17.1,0,7.8
2019/9/20,27.3,19.7,0,9.5
2019/9/21,24.1,19.9,0,10
2019/9/22,28.5,18.4,17,9.5
2019/9/23,30.7,20.4,3.5,9
2019/9/24,30.9,22.6,1,6.8
2019/9/25,28.9,20.8,0,7.5
2019/9/26,27.4,19.6,0,7
2019/9/27,28.1,18.2,0,5
2019/9/28,29.6,20,0,9.3
2019/9/29,27.7,22.4,0,9.8
2019/9/30,29.7,21.4,0,6.8
2019/10/1,30.1,20.9,0,5.3
2019/10/2,29.6,20.4,0,4.3
2019/10/3,28.3,20.6,0,8.8
2019/10/4,29.4,21.5,10,7.3
2019/10/5,30.3,21.5,0,2.5
2019/10/6,23.3,18.7,5.5,9.8
2019/10/7,25,17.3,7,8.8
2019/10/8,27.1,18.2,5.5,10
2019/10/9,25.1,17,0,2.8
2019/10/10,25.2,15,9,5.8
2019/10/11,21.7,16.3,7.5,10
2019/10/12,25.2,20.7,209.5,10
2019/10/13,28.5,19.4,0,2.8
2019/10/14,20.2,15.4,5,10
2019/10/15,23,16.2,0,10
2019/10/16,18.5,14.6,0,9.5
2019/10/17,18.4,15.1,4.5,10
2019/10/18,19.5,14.9,5.5,10
2019/10/19,20.2,14.6,53.5,9.5
2019/10/20,23.9,17.7,0,10
2019/10/21,21.3,14.9,6.5,10
2019/10/22,17.2,14.2,65,9.8
2019/10/23,24.8,12.4,0,5.3
2019/10/24,21,14.6,3,10
2019/10/25,16.3,14.5,120.5,10
2019/10/26,24.5,13.3,0.5,7
2019/10/27,22.5,15.8,0,9.5
2019/10/28,21.4,15,0,7
2019/10/29,16.3,12.6,11.5,7.8
2019/10/30,22.7,12.1,0,3.5
2019/10/31,22,14,0,5
2019/11/1,23.9,12.2,0,0
2019/11/2,19.9,10.9,0,4
2019/11/3,18.9,12.7,10.5,10
2019/11/4,20.2,11,1,4.5
2019/11/5,19.2,9,0,0
2019/11/6,21.2,8.8,0,0
2019/11/7,22.6,9.8,0,5.3
2019/11/8,19.2,11.9,0,4
2019/11/9,17.4,11.3,0,6.5
2019/11/10,18.6,9.2,0,3.8
2019/11/11,17.9,10.8,6.5,8.3
2019/11/12,21.8,9.2,0,0.3
2019/11/13,16.1,11.3,0.5,8
2019/11/14,22.3,11.6,0,5.3
2019/11/15,17.1,9.7,0,2.8
2019/11/16,18.9,7.8,0,0.3
2019/11/17,19.7,8.2,0,3.8
2019/11/18,21.4,9.4,0,6.8
2019/11/19,20.7,11.7,3,8
2019/11/20,15.9,9.6,0,3.8
2019/11/21,15.7,8.5,0,3.3
2019/11/22,10.8,6.3,47,10
2019/11/23,13,9.2,60.5,10
2019/11/24,19.1,12.9,19,10
2019/11/25,21.9,12.1,1,8
2019/11/26,12.5,7.3,1.5,10
2019/11/27,10.7,7.8,2.5,10
2019/11/28,11.8,4.6,3.5,10
2019/11/29,9.7,1.6,0,0.5
2019/11/30,12,3.1,0,0
2019/12/1,11.5,4.7,0,6.8
2019/12/2,16.4,6.2,36,8
2019/12/3,17,9.1,0,2.8
2019/12/4,15.3,5.7,0,0
2019/12/5,14.5,5.6,0,4.5
2019/12/6,10.4,6,0,10
2019/12/7,7.1,4.4,1.5,10
2019/12/8,13.2,2.2,0,0
2019/12/9,9.5,3.5,1,7.5
2019/12/10,14.3,6.6,5.5,10
2019/12/11,15.3,8.3,0.5,10
2019/12/12,18.9,7.8,0,1.5
2019/12/13,9.4,6.5,0,9.8
2019/12/14,16,2.9,0,2.5
2019/12/15,12.5,5.5,0,5.8
2019/12/16,12.3,2.9,0,5
2019/12/17,9.7,6,1,8.8
2019/12/18,15.4,6.5,0,6.3
2019/12/19,11.1,8,0,10
2019/12/20,16.1,6,0,6
2019/12/21,9.5,6.5,0,10
2019/12/22,9,5.1,16.5,9.8
2019/12/23,12,3.5,13.5,7
2019/12/24,12.6,5,0,5.5
2019/12/25,8.9,4.2,0,9.3
2019/12/26,11.5,3.8,0,10
2019/12/27,13.7,4.5,0.5,2.8
2019/12/28,10.9,3.8,0,0.5
2019/12/29,10.9,2.2,0,4.8
2019/12/30,8.8,5.1,0.5,10
2019/12/31,16.5,3.7,0,2.8
2020/1/1,10.2,3.2,0,3
